token,context,classifier_label,human_label,agree
=,that $t_W = 4$ minutes.,PUNCTUATION,,
Section,"(Article I, Section 8, Clause",CONTENT,,
ಸ್ವಲ್ಪ,ಆದರೆ ಅದು ಸ್ವಲ್ಪ ಗೊಂದಲಕ್ಕೆ ಕಾರಣವಾಗಬಹುದು.,OTHER,,
the,goal amount the firefighters want,FUNCTION,,
[,"{ ""advantages"": [ ""Enhanced abilities",PUNCTUATION,,
as,natural state as much as,FUNCTION,,
//,"= request.getParameter(""username""); // Construct a",PUNCTUATION,,
=,* $1.50/time = $1.50 -,PUNCTUATION,,
–,or instructions – that tell,OTHER,,
While,* **(A)** While allocation is,FUNCTION,,
=,+ 20 =,PUNCTUATION,,
second,in the second scene. We,DISCOURSE,,
principle,a fundamental principle of real,CONTENT,,
=,\times 20 = 12$ miles.,PUNCTUATION,,
"**Therefore,","single individual. **Therefore, the answer",DISCOURSE,,
"Therefore,","*didn't* die. Therefore, there are",DISCOURSE,,
third,in the third round is,DISCOURSE,,
–,"(bullet train – seriously, it’s",OTHER,,
=,"So, $c = \frac{1}{2}C$. We",PUNCTUATION,,
affect,supply only affect the price,CONTENT,,
+,+ $3 + $4 =,STRUCTURAL,,
–,"the molecule – specifically, the",OTHER,,
{,function flattenArray(arr) { const result,PUNCTUATION,,
ਇੰਜੀਨੀਅਰ,ਰੇਖਾਵਾਂ ਸਾਫਟਵੇਅਰ ਇੰਜੀਨੀਅਰ ਦੀਆਂ ਤਕਨੀਕੀ,OTHER,,
your,**grid** transform your workflow! Contact,FUNCTION,,
=,"/ 1.464 = $17,134.63 *",PUNCTUATION,,
actually,its security actually make other,DISCOURSE,,
=,* 300 = 225. The,PUNCTUATION,,
"F/2,","H = F/2, so F",CONTENT,,
"frankly,","something that, frankly, has resonated",DISCOURSE,,
notably,"mechanisms, most notably **Major Histocompatibility",DISCOURSE,,
/,= 28 / 2 =,PUNCTUATION,,
Myths,* **Focus:** Myths primarily deal,CONTENT,,
∨,**(A) [(B ∨ D) •,OTHER,,
categorized,"a breakdown, categorized for clarity:",CONTENT,,
---,#style #iconic” --- would you,STRUCTURAL,,
break,IRS agent break up with,CONTENT,,
President,"incumbent Vice President Al Gore,",CONTENT,,
*,infants’ preference). * **(D) the,STRUCTURAL,,
=,be $T = 120$. Sam,PUNCTUATION,,
about,"woman *strategizes* about emojis."", ""estimated_net_worth"":",FUNCTION,,
–,a niche – a specific,OTHER,,
"First,","is $c$. First, we find",DISCOURSE,,
*,"about this."" * ""It makes",STRUCTURAL,,
/,Sleep (SWS) / Deep Sleep,PUNCTUATION,,
concert,of the concert in minutes.,CONTENT,,
주로,구조물(gyo جوس물)입니다. 주로 강(gang)이나 하천(hacheon)의,OTHER,,
–,of fluids* – usually air,OTHER,,
+,"So, $2c + 6 +",STRUCTURAL,,
–,your money – here’s a,OTHER,,
=,* **Power = 0.8** (The,PUNCTUATION,,
20,trucks * 20 tons/truck =,CONTENT,,
clear,to be clear and specific.,DISCOURSE,,
desert,climate:** “The desert climate is,CONTENT,,
*,a week:** * 1 pound/day,STRUCTURAL,,
tax,state *can* tax the federal,CONTENT,,
=,- 8 = 44$. Now,PUNCTUATION,,
the,increase in the number of,FUNCTION,,
**How,process. * **How it Works:**,CONTENT,,
*,earned 60 * $4 =,STRUCTURAL,,
+,- (5 + 8) =,STRUCTURAL,,
a,presented as a *result* of,DISCOURSE,,
+,= P_1 + 0.25 P_1,STRUCTURAL,,
–,passionately about – from environmental,OTHER,,
*,the license. * **(B)** Limiting,STRUCTURAL,,
*,Finley's position: * **Starts in,STRUCTURAL,,
during,**Gum chewed during school:** Jim,FUNCTION,,
-,(Most Recommended - and generally,STRUCTURAL,,
changes,it just changes form and,CONTENT,,
–,billion neurons – specialized cells,OTHER,,
=,and $a = 1$. There,PUNCTUATION,,
"result,","As a result, a man",DISCOURSE,,
Yoda’s,"Persian about Yoda’s interdimensional travel,",CONTENT,,
*,and engaged. * **Know Your,STRUCTURAL,,
=,so $A = J_a +,PUNCTUATION,,
Second,is **(B) Second Agricultural Revolution.**,DISCOURSE,,
babies/female,* 4 babies/female = 120,CONTENT,,
is,the firm is charging a,FUNCTION,,
second,"from the second pharyngeal arch,",DISCOURSE,,
if,"<br/> Next, if using LATCH,",FUNCTION,,
–,"different factors – income, relationships,",OTHER,,
a,between sending a request and,FUNCTION,,
"Therefore,","a number. Therefore, the correct",DISCOURSE,,
–,ethical guidelines.** – This is,OTHER,,
implementation,"rigorous, data-informed implementation will maximize",CONTENT,,
*,Here's why: * **Hieroglyphics were,STRUCTURAL,,
–,the air – it's neither,OTHER,,
a,"artistic vision, a natural knack",FUNCTION,,
*,this change: * **Variation:** This,STRUCTURAL,,
was,car. He was later released,FUNCTION,,
when,is boosted when individuals have,CONTENT,,
1:,sections: **SECTION 1: The Sugar,CONTENT,,
*,by animals * **Mold spores:**,STRUCTURAL,,
first,The very first thing is,DISCOURSE,,
(1/3),pages * (1/3) = 5,CONTENT,,
second,in the second week is,DISCOURSE,,
–,Antibiotics Attack – Targeting Bacterial,OTHER,,
mood,"lithium, a mood stabilizer, likely",CONTENT,,
"small,","escalated when small, vaguely humanoid",CONTENT,,
=,- 4 = 116$$ Add,PUNCTUATION,,
*,Real Return:** * **Nominal Return:**,STRUCTURAL,,
=,+ p = 7 +,PUNCTUATION,,
$O$,expressions for $O$ and $S$,CONTENT,,
-,it Works - The Formula**,STRUCTURAL,,
**Monarchy:**,a monarchy: **Monarchy:** * **Rule,CONTENT,,
–,sustainable way – considering the,OTHER,,
–,Lost Artifact – Reward: 100,OTHER,,
=,get: $T = 2(2) +,PUNCTUATION,,
=,so $P_l = 2$. Fred,PUNCTUATION,,
"Therefore,","**Reasonable Conclusion:** Therefore, we can",DISCOURSE,,
are,Organisms:** Bacteria are single-celled organisms,FUNCTION,,
–,"best answer – A, B,",OTHER,,
=,* r = the annual,PUNCTUATION,,
–,Aesop’s Fables – a fox,OTHER,,
=,"- 90 = 30$. Alternatively,",PUNCTUATION,,
=,* $600/phone = $1200 *,PUNCTUATION,,
**Overall,programming experience. **Overall Goal:** To,DISCOURSE,,
for,the *same* for the entire,FUNCTION,,
*,Here’s why: * **Alcohol’s Effects:**,STRUCTURAL,,
"**Therefore,","infrared radiation. **Therefore, terrestrial radiation",DISCOURSE,,
remaining,Total cookies remaining = 8,CONTENT,,
=,0.05)^3 A =,PUNCTUATION,,
and,as “foreign” and activates disgust,FUNCTION,,
rain,amount of rain on Tuesday,CONTENT,,
سبزِ,ستاره‌گون، یادِ سبزِ او، در,OTHER,,
–,and Avocado – A Culinary,OTHER,,
specifically,"Albert Ellis, specifically focuses on",DISCOURSE,,
*,education system. * **(C) Daycare,STRUCTURAL,,
indeed,"cult was indeed violent, Conyers’s",DISCOURSE,,
second,"In the second round, each",DISCOURSE,,
–,bad hair – a man,OTHER,,
from,current age from Samantha's age:,FUNCTION,,
We,be $M$. We are given,FUNCTION,,
20%,coffee:** * 20% of $5,CONTENT,,
4.,each* customer. 4. **`ORDER BY,STRUCTURAL,,
the,they benefit the least advantaged,FUNCTION,,
"First,","of $P(x)$. First, we expand",DISCOURSE,,
+,30$ $20 + N =,STRUCTURAL,,
*,10 dozen * 12 doughnuts/dozen,STRUCTURAL,,
=,- 20 = \frac{3}{4}N$ To,PUNCTUATION,,
=,current (P = V*I). While,PUNCTUATION,,
–,natural flavors – think Mango,OTHER,,
because,insensible loss because the body's,FUNCTION,,
-,as: x² - 9 =,STRUCTURAL,,
ಹೇಳುವುದು,ಸಾಂಡ್‌ವಿಚ್ ಎಂದು ಹೇಳುವುದು ಸ್ವಲ್ಪ ಕಷ್ಟ.,OTHER,,
–,"of salmon – like Atlantic,",OTHER,,
of,the amount of rain on,FUNCTION,,
of,the likelihood of finding other,FUNCTION,,
the,insulting to the dinosaurs. They,FUNCTION,,
therefore,leadership would therefore produce a,DISCOURSE,,
"However,","a behavior. However, these techniques",DISCOURSE,,
your,to safeguard your digital life.,FUNCTION,,
While,Heroin (opiates):** While heroin can,FUNCTION,,
#,""""""" time.sleep(n) # Simulate some",STRUCTURAL,,
–,"working class – insecurity, illness,",OTHER,,
–,"different vibe – think geishas,",OTHER,,
and,mutual dependence and influence. In,FUNCTION,,
It’s,for support. It’s used in,FUNCTION,,
*,Buddhist scriptures. * **It emphasizes,STRUCTURAL,,
},] } } ```,PUNCTUATION,,
"specific,","at a specific, certain conclusion.",CONTENT,,
actually,this box actually contains only,DISCOURSE,,
a,retailer and a distributor) jointly,FUNCTION,,
=,\times 15 = 30$ students.,PUNCTUATION,,
next,14$. The next day (Saturday),DISCOURSE,,
"example,","audience. For example, a product",DISCOURSE,,
actually,concepts are actually quite straightforward.,DISCOURSE,,
be,need to be persistent –,FUNCTION,,
"$5,000","$5,125 - $5,000 = $125",CONTENT,,
6.,their businesses. 6. **sustainable waste,STRUCTURAL,,
*,Here's why: * **Just-in-Time (JIT):**,STRUCTURAL,,
+,= $6 + 3 =,STRUCTURAL,,
The,pattern here. The number of,FUNCTION,,
explanations:,with practical explanations: **The Core,CONTENT,,
your,"understanding of your thoughts, feelings",FUNCTION,,
consequences,have harmful consequences for a,CONTENT,,
–,your reputation – it all,OTHER,,
*,were rampant. * **Poor Sanitation:**,STRUCTURAL,,
In,"accumulated interest*. In other words,",DISCOURSE,,
country's,within a country's borders. Since,CONTENT,,
–,of information – this could,OTHER,,
"first,","the food first, and then",DISCOURSE,,
–,Maker Unit – referring to,OTHER,,
=,is $A = \pi (7^2),PUNCTUATION,,
vibration,"food. This vibration generates heat,",CONTENT,,
first,a fantastic first impression. It's,DISCOURSE,,
–,– GGATCCTCATG – 3’ *,OTHER,,
=,equation: $$9 = \frac{3}{4}x$$ To,PUNCTUATION,,
=,+ t_B = T_W +,PUNCTUATION,,
here’s,"Okay, here’s a breakdown",FUNCTION,,
–,elusive value – the sixth,OTHER,,
shallow,"of their shallow depth, ponds",CONTENT,,
on,prevention** focuses on intervening *after*,FUNCTION,,
Unlike,* **Decentralized:** Unlike traditional money,CONTENT,,
your,to validate your feelings. Feeling,FUNCTION,,
*,are incorrect: * **(A) Statements,STRUCTURAL,,
first,really important first step just,DISCOURSE,,
*,Here's why: * **Carens' Argument:**,STRUCTURAL,,
*,"Here's why: * **The ""Merchant""",STRUCTURAL,,
=,is $\frac{24}{8} = 3$ rows.,PUNCTUATION,,
